{
  "id": 263,
  "name": "The Dark Knight Collection",
  "overview": "Christopher Nolan's series reboot of the Batman franchise.",
  "poster_path": "/bqS2lMgGkuodIXtDILFWTSWDDpa.jpg",
  "backdrop_path": "/xfKot7lqaiW4XpL5TtDlVBA9ei9.jpg",
  "parts": [
    {
      "adult": false,
      "backdrop_path": "/nnMC0BM6XbjIIrT4miYmMtPGcQV.jpg",
      "genre_ids": [
        18,
        28,
        80,
        53
      ],
      "id": 155,
      "original_language": "en",
      "original_title": "The Dark Knight",
      "overview": "Batman raises the stakes in his war on crime. With the help of Lt. Jim Gordon and District Attorney Harvey Dent, Batman sets out to dismantle the remaining criminal organizations that plague the streets. The partnership proves to be effective, but they soon find themselves prey to a reign of chaos unleashed by a rising criminal mastermind known to the terrified citizens of Gotham as the Joker.",
      "release_date": "2008-07-16",
      "poster_path": "/1hRoyzDtpgMU7Dz4JF22RANzQO7.jpg",
      "popularity": 15.489308,
      "title": "The Dark Knight",
      "video": false,
      "vote_average": 8.2,
      "vote_count": 10943
    },
    {
      "adult": false,
      "backdrop_path": "/3bgtUfKQKNi3nJsAB5URpP2wdRt.jpg",
      "genre_ids": [
        28,
        80,
        18,
        53
      ],
      "id": 49026,
      "original_language": "en",
      "original_title": "The Dark Knight Rises",
      "overview": "Following the death of District Attorney Harvey Dent, Batman assumes responsibility for Dent's crimes to protect the late attorney's reputation and is subsequently hunted by the Gotham City Police Department. Eight years later, Batman encounters the mysterious Selina Kyle and the villainous Bane, a new terrorist leader who overwhelms Gotham's finest. The Dark Knight resurfaces to protect a city that has branded him an enemy.",
      "release_date": "2012-07-16",
      "poster_path": "/dEYnvnUfXrqvqeRSqvIEtmzhoA8.jpg",
      "popularity": 9.201261,
      "title": "The Dark Knight Rises",
      "video": false,
      "vote_average": 7.5,
      "vote_count": 8428
    },
    {
      "adult": false,
      "backdrop_path": "/65JWXDCAfwHhJKnDwRnEgVB411X.jpg",
      "genre_ids": [
        28,
        80,
        18
      ],
      "id": 272,
      "original_language": "en",
      "original_title": "Batman Begins",
      "overview": "Driven by tragedy, billionaire Bruce Wayne dedicates his life to uncovering and defeating the corruption that plagues his home, Gotham City.  Unable to work within the system, he instead creates a new identity, a symbol of fear for the criminal underworld - The Batman.",
      "release_date": "2005-06-10",
      "poster_path": "/dr6x4GyyegBWtinPBzipY02J2lV.jpg",
      "popularity": 7.763445,
      "title": "Batman Begins",
      "video": false,
      "vote_average": 7.5,
      "vote_count": 6681
    }
  ]
}