{
  "page": 1,
  "results": [
    {
      "id": 6104,
      "name": "computer"
    },
    {
      "id": 2812,
      "name": "computer virus"
    },
    {
      "id": 4286,
      "name": "computer program"
    },
    {
      "id": 10159,
      "name": "computer animation"
    },
    {
      "id": 6566,
      "name": "computer chip"
    },
    {
      "id": 8469,
      "name": "computer simulation"
    },
    {
      "id": 4850,
      "name": "computer war"
    },
    {
      "id": 3222,
      "name": "super computer"
    },
    {
      "id": 155555,
      "name": "computer hacker"
    },
    {
      "id": 159472,
      "name": "computer screen"
    },
    {
      "id": 157238,
      "name": "computer expert"
    },
    {
      "id": 157239,
      "name": "computer fraud"
    },
    {
      "id": 157935,
      "name": "apple computer"
    },
    {
      "id": 168153,
      "name": "computer nerd"
    },
    {
      "id": 156813,
      "name": "computer cracker"
    },
    {
      "id": 171081,
      "name": "laptop computer"
    },
    {
      "id": 185379,
      "name": "computer class"
    },
    {
      "id": 196320,
      "name": "computer dating"
    },
    {
      "id": 205853,
      "name": "quantum computer"
    },
    {
      "id": 200008,
      "name": "computer tape"
    }
  ],
  "total_pages": 2,
  "total_results": 37
}