{
  "page": 2,
  "results": [
    {
      "id": 9086,
      "logo_path": null,
      "name": "Fox Pathé Europa"
    },
    {
      "id": 17266,
      "logo_path": null,
      "name": "Fox Television Network"
    },
    {
      "id": 23814,
      "logo_path": null,
      "name": "Fox Meadow Films"
    },
    {
      "id": 18065,
      "logo_path": null,
      "name": "20th Century Fox Russia"
    },
    {
      "id": 24385,
      "logo_path": null,
      "name": "Harris / Fox Production"
    },
    {
      "id": 28722,
      "logo_path": null,
      "name": "Fox Film Company"
    },
    {
      "id": 12300,
      "logo_path": null,
      "name": "Deutsche Fox AG (Defa)"
    },
    {
      "id": 11766,
      "logo_path": null,
      "name": "Fox Video Korea"
    },
    {
      "id": 11231,
      "logo_path": null,
      "name": "Fox Animation Studios"
    },
    {
      "id": 11232,
      "logo_path": null,
      "name": "Fox Family Films"
    },
    {
      "id": 11385,
      "logo_path": null,
      "name": "Fox Home Video"
    },
    {
      "id": 30120,
      "logo_path": null,
      "name": "BMD Fox Records"
    },
    {
      "id": 51,
      "logo_path": null,
      "name": "Fox Europa Produktion"
    },
    {
      "id": 3401,
      "logo_path": null,
      "name": "Fox West Pictures"
    },
    {
      "id": 1602,
      "logo_path": null,
      "name": "Les Productions Fox Europa"
    },
    {
      "id": 1678,
      "logo_path": null,
      "name": "Fox Family Channel"
    },
    {
      "id": 6529,
      "logo_path": null,
      "name": "Fox Television Studios"
    },
    {
      "id": 5488,
      "logo_path": null,
      "name": "Fox Film Corporation"
    },
    {
      "id": 44571,
      "logo_path": null,
      "name": "Venture Fox Entertainment"
    },
    {
      "id": 41175,
      "logo_path": null,
      "name": "FOX Channel Italia"
    }
  ],
  "total_pages": 2,
  "total_results": 106
}