{
  "page": 1,
  "results": [
    {
      "id": 5924,
      "logo_path": null,
      "name": "Fox"
    },
    {
      "id": 20087,
      "logo_path": null,
      "name": "Fox British"
    },
    {
      "id": 2890,
      "logo_path": null,
      "name": "Fox Atomic"
    },
    {
      "id": 4544,
      "logo_path": null,
      "name": "Fox Network"
    },
    {
      "id": 16002,
      "logo_path": null,
      "name": "hachette fox"
    },
    {
      "id": 12569,
      "logo_path": null,
      "name": "White Fox"
    },
    {
      "id": 33754,
      "logo_path": null,
      "name": "Fox News"
    },
    {
      "id": 59029,
      "logo_path": null,
      "name": "fox telecolombia"
    },
    {
      "id": 79258,
      "logo_path": null,
      "name": "Fox Sports"
    },
    {
      "id": 40799,
      "logo_path": null,
      "name": "Sodium Fox"
    },
    {
      "id": 72847,
      "logo_path": null,
      "name": "fox circle"
    },
    {
      "id": 81467,
      "logo_path": null,
      "name": "Fox Searchlab"
    },
    {
      "id": 93102,
      "logo_path": null,
      "name": "Uchovsky Fox"
    },
    {
      "id": 87138,
      "logo_path": null,
      "name": "Fox World"
    },
    {
      "id": 19699,
      "logo_path": "/pq5gThFdhrthiLr4qQkP6utQSTh.png",
      "name": "Fox 21"
    },
    {
      "id": 43346,
      "logo_path": null,
      "name": "Fox Productions"
    },
    {
      "id": 2131,
      "logo_path": null,
      "name": "Fox-Films"
    },
    {
      "id": 4763,
      "logo_path": null,
      "name": "Fox Films Ltd."
    },
    {
      "id": 51992,
      "logo_path": null,
      "name": "Alan C. Fox"
    },
    {
      "id": 37927,
      "logo_path": null,
      "name": "David Fox & Associates"
    }
  ],
  "total_pages": 2,
  "total_results": 106
}